0,fabsl,__isnan,thrd_current,y0l,xdr_void
1,time,clock_gettime,timer_gettime,timespec_get,timespec_getres
2,__strtold_internal,__strncat_chk,strtold,__strtok_r,strtok
3,__fxstat,statvfs64,__fxstatat,__fxstat64,__fxstatat64
4,xdr_netobj,xdr_pointer,xdrmem_create,xdrstdio_create,xdrrec_create
5,_IO_file_stat,_IO_fread,_IO_fflush,__fwriting,__fpending
6,__sprintf_chk,__wprintf_chk,__vwprintf_chk,__fwprintf_chk,__fprintf_chk
7,xdr_short,xdr_bool,xdr_long,xdr_pmap,xdr_pmaplist
8,malloc_usable_size,__printf_fp,__fbufsize,printf_size_info,printf_size
9,re_exec,re_search_2,re_match_2,re_search,re_match
10,__wmemset_chk,wctomb,wcstombs,wcsspn,wcscspn
11,_IO_switch_to_wget_mode,putwc,ungetc,_IO_sungetwc,ungetwc
12,__fcntl,faccessat,fchflags,fchmodat,fchownat
13,xdr_bool,xdr_accepted_reply,xdr_unixcred,xdr_short,xdr_getcredres
14,__strcat_chk,__stpncpy_chk,__strcpy_chk,__stpcpy_chk,stpcpy
15,__sched_cpufree,freeaddrinfo,__libc_freeres,__libc_free,free
16,sigandset,sigaddset,sigorset,sigdelset,sigismember
17,gmtime,timespec_getres,localtime,timegm,tzset
18,xdrrec_create,xdr_vector,xdrmem_create,xdrstdio_create,svcraw_create
19,__pthread_once,__pthread_getspecific,sigstack,mtrace,ptrace
20,sockatmark,signal,__socket,getpeername,socketpair
21,__memset_chk,aligned_alloc,memfrob,__libc_valloc,__libc_memalign
22,__fgets_unlocked_chk,__fgets_chk,__fgetws_chk,__fgetws_unlocked_chk,__gets_chk
23,fromfpl,scalbl,nextupl,expl,y1l
24,malloc_usable_size,malloc_stats,mallinfo2,__libc_mallinfo,mallinfo
25,inet_lnaof,inet_ntoa,inet_ntop,__inet_pton_length,__inet_aton_exact
26,__libc_reallocarray,__libc_dynarray_emplace_enlarge,__libc_dynarray_finalize,__libc_dynarray_resize,__libc_dynarray_resize_clear
27,pthread_rwlockattr_setpshared,pthread_barrier_init,pthread_barrierattr_getpshared,pthread_condattr_setpshared,pthread_barrierattr_setpshared
28,regexec,re_match_2,re_search_2,re_match,re_search
29,isfdtype,__file_change_detection_for_stat,__file_is_unchanged,__file_change_detection_for_path,__file_change_detection_for_fp
30,_IO_puts,__asprintf,parse_printf_format,printf_size,printf_size_info
31,lgammal_r,ctanhl,ctanl,lgammal,tgammal
32,__printf_chk,__recvfrom_chk,__stack_chk_fail,__obstack_printf_chk,__chk_fail
33,mkstemps,mkstemp64,mkstemp,mkdtemp,mkdirat
34,freopen64,__open64_nocancel,__openat64_2,__open64_2,openat64
35,_IO_file_stat,_IO_file_doallocate,_IO_fputs,_IO_iter_begin,_IO_iter_file
36,pthread_condattr_getclock,time,clock_gettime,clock,__clock_gettime
37,logbl,log2l,log10l,logl,log1pl
38,__strerror_r,error_at_line,__assert,__assert_perror_fail,__assert_fail
39,mremap,calloc,mmap,__mmap,mmap64
40,scalbl,expl,y1l,fromfpl,fromfpxl
41,cbrtl,dsqrtl,csqrtl,fsqrtl,sqrtl
42,xdr_vector,xdr_string,xdr_pointer,xdr_array,xdr_sizeof
43,_nss_dns_gethostbyname3_r,__resolv_context_get,__res_context_send,__res_context_query,__res_context_search
44,mkostemp,mkstemps64,mkstemp64,mkstemps,mkstemp
45,_IO_wdefault_xsputn,_IO_str_pbackfail,_IO_sputbackwc,_IO_default_pbackfail,_IO_wdefault_pbackfail
46,lrand48_r,lrand48,drand48_r,drand48,erand48
47,fmaximum_numl,fminimum_magl,fminimuml,fminimum_mag_numl,fminimum_numl
48,__libc_free,__libc_freeres,free,__sched_cpualloc,__sched_cpufree
49,warn,obstack_vprintf,vwarn,verrx,verr
50,ppoll,__sigtimedwait,epoll_wait,epoll_pwait,epoll_pwait2
51,__pthread_mutex_lock,__pthread_mutex_init,__pthread_mutex_unlock,__pthread_mutexattr_destroy,__pthread_mutex_destroy
52,__pthread_mutex_init,pthread_mutex_consistent,__pthread_mutex_unlock,__pthread_mutex_lock,__pthread_mutex_trylock
53,__stpncpy_chk,__wcpcpy_chk,mempcpy,__mempcpy_chk,__memcpy_chk
54,xdr_keystatus,xdr_keybuf,xdr_cryptkeyarg2,xdr_cryptkeyarg,xdr_cryptkeyres
55,_IO_wdoallocbuf,_IO_wdefault_xsgetn,_IO_wdefault_xsputn,_IO_default_xsputn,_IO_wfile_xsputn
56,xdr_double,rintl,setpayloadl,fromfpl,modfl
57,sigrelse,__nptl_death_event,__xpg_sigpause,_exit,killpg
58,inet6_option_space,_nss_dns_gethostbyaddr2_r,inet6_rth_space,inet6_opt_append,inet6_rth_add
59,dsqrtl,fsqrtl,sqrtl,csqrtl,cbrtl
60,scalbl,expl,y1l,nextdownl,nextupl
61,__vasprintf_chk,__vfwprintf_chk,__vfprintf_chk,vprintf,vfprintf
62,__res_context_query,__res_context_search,__libc_res_queriesmatch,__libc_ns_samename,__libc_res_nameinquery
63,inet6_opt_init,inet6_option_append,inet6_option_init,inet6_option_space,inet6_option_alloc
64,xdr_void,llabs,fabsl,cabsl,abs
65,key_get_conv,key_decryptsession,key_encryptsession,key_decryptsession_pk,key_encryptsession_pk
66,__isoc23_vfwscanf,__isoc99_vwscanf,__isoc99_vfwscanf,__isoc23_vswscanf,__isoc99_vswscanf
67,__underflow,_IO_str_underflow,_IO_wdefault_uflow,__uflow,_IO_default_uflow
68,_nss_dns_gethostbyname2_r,_nss_dns_gethostbyaddr2_r,getnetname,host2netname,netname2host
69,catanl,creall,cprojl,casinl,conjl
70,__wcsrtombs_chk,__wcstombs_chk,__wctomb_chk,__wmemmove_chk,__wmemset_chk
71,_IO_fgets,sendfile64,__ftello64,fseek,__fseeko64
72,pthread_rwlockattr_init,pthread_rwlock_trywrlock,pthread_rwlock_tryrdlock,__pthread_rwlock_wrlock,__pthread_rwlock_rdlock
73,inet6_option_alloc,inet6_option_init,inet6_opt_append,inet6_opt_get_val,inet6_opt_set_val
74,__open_2,__openat_2,openat64,_IO_file_open,open_by_handle_at
75,mktime,utime,utimensat,futimesat,futimens
76,_IO_fwrite,pwritev64,pwritev2,fwrite_unlocked,__libc_pwrite
77,__libc_freeres,calloc,mmap64,__mmap,mmap
78,_IO_str_overflow,xdr_uint16_t,_IO_file_read,__close,tee
79,__strcpy_chk,__stpcpy_chk,__strncpy_chk,__strlcat_chk,__strlcpy_chk
80,__clock_gettime,time,timer_gettime,timespec_get,__gettimeofday
81,sigdelset,__sigaction,sigrelse,sigset,raise
82,cacoshl,ccosl,cacosl,casinhl,casinl
83,__wcsncpy_chk,__wmemmove_chk,__mempcpy_chk,__wmemcpy_chk,__wmempcpy_chk
84,mkstemp,mkstemps,mkostemp64,mkostemps,mkostemp
85,__libc_pvalloc,calloc,__libc_alloc_buffer_alloc_array,__libc_alloc_buffer_allocate,aligned_alloc
86,vswscanf,__isoc23_vfscanf,__isoc23_vscanf,__isoc99_vscanf,vscanf
87,__recv_chk,__ptsname_r_chk,__read_chk,__ppoll_chk,__poll_chk
88,__res_context_search,__res_context_send,__resolv_context_get,__res_context_query,__res_context_mkquery
89,__fpurge,sigstack,__libc_freeres,explicit_bzero,__cxa_atexit
90,regexec,__xpg_strerror_r,error,__strerror_r,regerror
91,fputc,fgetsgent,_IO_wdefault_finish,_IO_peekc_locked,rewind
92,fsqrtl,llogbl,abs,faddl,fabsl
93,__pread64_chk,_IO_fread,__read_chk,__fread_unlocked_chk,__fread_chk
94,__finitel,y1l,expl,nextupl,nextdownl
95,fputwc,putwchar_unlocked,putwc_unlocked,putwchar,putwc
96,strerror,__strncat_chk,hstrerror,err,herror
97,authunix_create_default,key_encryptsession_pk,authnone_create,authunix_create,authdes_pk_create
98,xdr_u_char,xdr_int16_t,xdr_u_long,xdr_bytes,xdr_string
99,seed48,nrand48,mrand48_r,mrand48,jrand48
100,__readlink_chk,__gets_chk,__getcwd_chk,__getwd_chk,__realpath_chk
101,fmodl,remainderl,lldiv,ldiv,div
102,asinhl,atanhl,coshl,ccoshl,acoshl
103,__recv_chk,__fread_chk,__pread64_chk,__pread_chk,__read_chk
104,__libc_reallocarray,__libc_dynarray_finalize,__libc_dynarray_resize_clear,__libc_dynarray_resize,__libc_dynarray_emplace_enlarge
105,__finitel,__isinfl,__isinf,__finitef,__finite
106,pthread_barrierattr_init,pthread_rwlock_tryrdlock,__pthread_rwlock_rdlock,__pthread_rwlock_wrlock,pthread_rwlockattr_init
107,ddivl,ldexpl,div,lldiv,ldiv
108,ftime,asctime,time,ctime,ctime_r
109,_IO_fputs,fputc,fputwc_unlocked,fputws_unlocked,fputc_unlocked
110,siginterrupt,__xpg_sigpause,sigset,__sigpause,__sigsuspend
111,__isoc99_vfwscanf,__isoc99_swscanf,__isoc23_wscanf,__isoc99_vwscanf,__isoc99_wscanf
112,__wcsrtombs_chk,__wcscat_chk,__wcstombs_chk,__wcsncat_chk,wcstok
113,expl,fromfpl,__isinf,__finitel,__isinfl
114,__libc_freeres,__libc_free,freeaddrinfo,free,regfree
115,__pthread_once,__pthread_setspecific,__pthread_getspecific,pthread_getconcurrency,pthread_setconcurrency
116,__fgetws_unlocked_chk,_IO_fgets,__fgetws_chk,__fseeko64,fseek
117,__stpncpy_chk,__strncpy_chk,__strcat_chk,__strlcat_chk,__strncat_chk
118,__memset_chk,__wmemcpy_chk,__wmempcpy_chk,mempcpy,__mempcpy_chk
119,xdr_netobj,xdr_u_char,xdr_sizeof,xdr_u_quad_t,xdr_pointer
120,clogl,cabsl,cimagl,cprojl,cpowl
121,clnt_sperrno,clnt_pcreateerror,clnt_perror,clnt_sperror,clnt_spcreateerror
122,__isoc99_vsscanf,__isoc99_vfscanf,__isoc99_vfwscanf,__isoc23_fwscanf,__isoc99_fwscanf
123,unlinkat,_IO_link_in,readlinkat,linkat,symlinkat
124,fromfpxl,y1l,fromfpl,expl,scalbl
125,inet6_opt_get_val,inet6_option_next,inet6_opt_next,inet6_option_find,inet6_opt_find
126,pthread_rwlockattr_destroy,pthread_barrier_init,pthread_barrierattr_init,pthread_barrierattr_destroy,pthread_barrier_destroy
127,_IO_fgets,__fgetws_unlocked_chk,__fgets_unlocked_chk,__fgetws_chk,__fgets_chk
128,_IO_default_finish,_IO_file_open,_IO_link_in,_IO_iter_file,_IO_iter_begin
129,putwchar,getchar,_IO_putc,putchar_unlocked,putchar
130,__fstat64,utimensat,__ttyname_r_chk,__ptsname_r_chk,ptsname
131,ether_ntohost,ether_aton_r,ether_hostton,ether_aton,ether_line
132,pthread_rwlockattr_init,pthread_barrier_destroy,pthread_barrierattr_destroy,pthread_barrier_init,pthread_barrierattr_init
133,inet6_rth_reverse,inet6_opt_next,inet6_rth_init,inet6_rth_space,inet6_rth_segments
134,xdr_u_longlong_t,xdr_pointer,xdr_sizeof,xdr_array,xdr_vector
135,printf_size,fprintf,__asprintf,printf_size_info,parse_printf_format
136,__xpg_strerror_r,strerror,__strerror_r,__h_errno_location,__errno_location
137,_nss_dns_getnetbyname_r,_nss_dns_gethostbyaddr_r,_nss_dns_gethostbyname2_r,_nss_dns_gethostbyname3_r,_nss_dns_gethostbyname_r
138,xdr_cryptkeyarg2,key_encryptsession,key_get_conv,key_encryptsession_pk,ecb_crypt
139,__isoc99_fwscanf,__isoc99_vswscanf,__isoc23_vfwscanf,__isoc99_vwscanf,__isoc99_vfwscanf
140,_IO_default_doallocate,mmap64,__file_change_detection_for_stat,_IO_file_doallocate,fallocate64
141,__clock_gettime,pthread_getconcurrency,clock_gettime,__pthread_getspecific,pthread_condattr_getclock
142,openat64,__open_2,__openat_2,__open64_2,__openat64_2
143,_IO_puts,_IO_str_overflow,_IO_fwrite,_IO_wdefault_xsputn,_IO_wdo_write
144,__statfs,__file_change_detection_for_stat,__file_is_unchanged,__file_change_detection_for_fp,__file_change_detection_for_path
145,wcsstr,wcswidth,wcstombs,wcscspn,wcsspn
146,__wctomb_chk,__wcrtomb_chk,wcstombs,__wcsnrtombs_chk,__wcstombs_chk
147,sendfile,__sysv_signal,fchmodat,sendfile64,signalfd
148,__wcslcat_chk,__strncat_chk,__strlcpy_chk,__strncpy_chk,__strlcat_chk
149,csqrtl,sqrtl,dsubl,fsqrtl,dsqrtl
150,localtime_r,time,localtime,timespec_getres,timespec_get
151,swprintf,_IO_vsprintf,fwprintf,vfwprintf,vswprintf
152,xdr_array,xdr_u_long,xdr_des_block,xdr_enum,xdr_union
153,__libc_alloc_buffer_copy_string,__libc_pvalloc,__libc_alloc_buffer_copy_bytes,__libc_alloc_buffer_allocate,__libc_alloc_buffer_alloc_array
154,__pthread_mutex_lock,pthread_yield,__pthread_getspecific,pthread_setconcurrency,pthread_getconcurrency
155,_nss_dns_gethostbyname_r,__gets_chk,_nss_files_gethostbyname3_r,__getdomainname_chk,__gethostname_chk
156,__bzero,calloc,memfrob,__memset_chk,explicit_bzero
157,_nss_dns_gethostbyaddr2_r,getnameinfo,listen,accept4,accept
158,__sigpause,sigpending,sigignore,__sigsuspend,siginterrupt
159,raise,sigpending,__libc_alloc_buffer_alloc_array,__libc_sigaction,__libc_allocate_rtsig
160,ccoshl,cacoshl,ctanhl,catanhl,ctanl
161,__waitpid,tcgetpgrp,__getpid,getpid,__getpgid
162,futimesat,isfdtype,fchmodat,fchflags,__fcntl
163,stpcpy,__strncpy_chk,__stpncpy_chk,__stpcpy_chk,__strcpy_chk
164,wcsstr,wcstold,wcstombs,wcwidth,wcswidth
165,__pthread_once,thrd_yield,thrd_current,pthread_yield,__sched_yield
166,__strtoul_internal,atol,__strtol_l,__isoc23_strtol,__isoc23_strtol_l
167,vfwscanf,vwscanf,__isoc99_vswscanf,__isoc99_swscanf,vswscanf
168,fstatvfs,getfsspec,getfsent,getfsfile,__getmntent_r
169,time,ctime,ctime_r,ftime,rtime
170,fmaxl,fmal,fdivl,remainderl,fmodl
171,inet6_rth_space,__inet_aton_exact,inet6_opt_next,inet_ntoa,__inet_pton_length
172,wcstold,strtold,atol,atoi,atof
173,accept,inet6_opt_get_val,sockatmark,getnameinfo,getsockopt
174,getdirentries,__getcwd_chk,get_current_dir_name,__getwd_chk,getwd
175,__uflow,_IO_wdefault_uflow,__underflow,_IO_str_overflow,_IO_str_underflow
176,__isoc23_vswscanf,__isoc99_vwscanf,__isoc23_vwscanf,__isoc99_vfwscanf,__isoc23_vfwscanf
177,__gmtime_r,asctime,timegm,strptime,getdate
178,__gmtime_r,getdate,strftime,asctime,strptime
179,__libc_mallopt,mmap,mremap,__munmap,munmap
180,__libc_malloc,__libc_valloc,__libc_alloc_buffer_allocate,__libc_alloc_buffer_alloc_array,__libc_pvalloc
181,_tolower,isblank,toupper,toascii,isascii
182,user2netname,netname2host,_nss_dns_getnetbyname_r,host2netname,getnetname
183,_IO_file_stat,__fpending,_IO_fread,_IO_fwrite,_IO_fflush
184,_IO_switch_to_main_wget_area,__fpurge,_IO_switch_to_wbackup_area,_IO_free_backup_area,_IO_free_wbackup_area
185,inet6_rth_getaddr,inet6_rth_space,inet6_rth_init,inet6_rth_segments,inet6_rth_reverse
186,ccoshl,coshl,cacosl,casinhl,cacoshl
187,__strerror_r,clnt_sperrno,clnt_perror,clnt_spcreateerror,clnt_sperror
188,strfroml,_IO_puts,vsnprintf,__strfmon_l,strfmon
189,asinl,tanl,atanhl,atanl,atan2l
190,xdr_short,xdr_replymsg,xdr_bool,xdr_rejected_reply,xdr_accepted_reply
191,putwchar,getchar_unlocked,putwchar_unlocked,getwchar_unlocked,getwchar
192,xdr_bytes,xdr_u_char,xdr_char,xdr_string,xdr_wrapstring
193,fmal,dsubl,ddivl,dfmal,dmull
194,__wcstold_l,wcswidth,wcstombs,__wcstold_internal,wcstold
195,xdr_u_hyper,xdr_int32_t,xdr_uint32_t,xdr_int64_t,xdr_uint64_t
196,__libc_dynarray_resize,__libc_dynarray_emplace_enlarge,__libc_dynarray_finalize,__libc_realloc,__libc_reallocarray
197,__libc_scratch_buffer_set_array_size,__libc_dynarray_finalize,__libc_dynarray_emplace_enlarge,__libc_dynarray_resize_clear,__libc_dynarray_resize
198,__sigtimedwait,timer_gettime,timer_settime,ualarm,alarm
199,__fprintf_chk,__printf_chk,__asprintf_chk,__fwprintf_chk,__dprintf_chk
200,_IO_fflush,__freading,_IO_file_read,__fread_chk,_IO_fread
201,__pthread_mutex_init,__pthread_mutex_destroy,__pthread_mutex_trylock,__pthread_mutex_lock,__pthread_mutex_unlock
202,__libc_alloc_buffer_alloc_array,__libc_dynarray_resize,__libc_scratch_buffer_grow_preserve,__libc_scratch_buffer_grow,__libc_scratch_buffer_set_array_size
203,setlinebuf,__recvfrom_chk,_IO_flush_all_linebuffered,_IO_flush_all,tcflush
204,ceill,atoll,lrintl,floorl,truncl
205,execle,execlp,execvp,execv,execveat
206,mrand48_r,jrand48,seed48,mrand48,srand48
207,wctomb,__wcstold_l,__towctrans_l,__wctype_l,__wctrans_l
208,sigandset,sigaddset,sigfillset,sigorset,sigdelset
209,__isoc23_vwscanf,__isoc99_vwscanf,__isoc99_vswscanf,__isoc99_vfwscanf,__isoc99_vscanf
210,__clock_gettime,__profile_frequency,timer_gettime,time,clock_gettime
211,sincosl,acosl,asinhl,sinl,asinl
212,_IO_wdo_write,_IO_wdoallocbuf,_IO_wdefault_doallocate,_IO_wsetb,open_wmemstream
213,log1pl,log2l,llogbl,logbl,ilogbl
214,__libc_calloc,__libc_free,__libc_valloc,__libc_alloc_buffer_allocate,__libc_malloc
215,_IO_str_init_readonly,_IO_doallocbuf,_IO_fputs,_IO_switch_to_get_mode,_IO_init
216,_nss_dns_gethostbyname2_r,_nss_dns_gethostbyname3_r,_nss_dns_gethostbyaddr_r,_nss_dns_getnetbyname_r,_nss_dns_getcanonname_r
217,cacosl,sincosl,sinl,csinhl,csinl
218,cacoshl,ccoshl,casinl,cacosl,ccosl
219,__vprintf_chk,__obstack_printf_chk,__obstack_vprintf_chk,obstack_vprintf,obstack_printf
220,inet6_opt_find,inet6_option_append,inet6_option_init,inet6_option_find,inet6_option_next
221,clnt_sperrno,__xpg_strerror_r,__strerror_r,ptrace,mtrace
222,wcscspn,wcstok,__wcslcat_chk,wcsstr,wcspbrk
223,pthread_mutexattr_gettype,pthread_mutex_setprioceiling,pthread_mutexattr_setprioceiling,pthread_mutexattr_getprioceiling,pthread_mutex_getprioceiling
224,__wmemmove_chk,__wcpcpy_chk,__mempcpy_chk,__wmempcpy_chk,__wmemcpy_chk
225,__nss_hostname_digits_dots,__res_nopt,__resolv_context_get,__res_get_nsaddr,__res_iclose
226,putgrent,putw,putsgent,putpwent,putspent
227,getchar,putwchar_unlocked,_IO_putc,putchar,putchar_unlocked
228,__asprintf,__dprintf_chk,__fwprintf_chk,__printf_chk,__asprintf_chk
229,__issignaling,__finitef,__isnanl,__isnanf,__isnan
230,_IO_default_doallocate,epoll_wait,epoll_pwait,epoll_pwait2,epoll_create
231,inet6_option_alloc,inet6_rth_init,inet6_option_space,inet6_rth_segments,inet6_rth_space
232,fprintf,vfwprintf,__wprintf_chk,__dprintf_chk,dprintf
233,_nss_files_gethostbyname2_r,_nss_dns_gethostbyname_r,_nss_dns_gethostbyname3_r,_nss_dns_gethostbyname2_r,_nss_dns_gethostbyaddr_r
234,symlinkat,linkat,__readlink_chk,__readlinkat_chk,readlinkat
235,fminimum_mag_numl,fminimum_magl,fmaximuml,fmaximum_mag_numl,fmaximum_magl
236,fromfpl,y1l,__sprintf_chk,printf,sprintf
237,isfdtype,__fcntl,fchownat,fchflags,fchmodat
238,__read_chk,__gets_chk,__recv,__recv_chk,__recvfrom_chk
239,__sigpause,siggetmask,sigset,sigrelse,sighold
240,fmaxl,csqrtl,dsqrtl,sqrtl,fsqrtl
241,logl,log1pl,exp10l,exp2l,expm1l
242,__stpncpy_chk,__strncat_chk,strdup,__strdup,__strndup
243,fmodl,fdivl,dmull,dsubl,ddivl
244,openat64,__open64_nocancel,_IO_file_read,__open_nocancel,_IO_file_open
245,xdr_des_block,xdr_opaque,xdr_authdes_verf,xdr_authunix_parms,xdr_opaque_auth
246,vsnprintf,__vswprintf_chk,__vsprintf_chk,__snprintf_chk,__vsnprintf_chk
247,fstatvfs64,fstatvfs,__statfs,statvfs64,statvfs
248,inet6_opt_next,inet6_option_init,inet6_option_next,inet6_opt_find,inet6_option_find
249,clock_gettime,timer_delete,timer_settime,timer_gettime,timer_getoverrun
250,xdr_int,xdr_int32_t,xdr_int64_t,xdr_int16_t,xdr_int8_t
251,_IO_putc,putpwent,putspent,putgrent,putsgent
252,getnameinfo,get_myaddress,xdr_pmap,getrpcport,pmap_getport
253,fstatvfs64,fstatvfs,getfsfile,getfsent,getfsspec
254,execv,execlp,execveat,execl,execle
255,mrand48_r,jrand48,nrand48,srand48,seed48
256,sigfillset,sigaddset,sigdelset,sigandset,sigorset
257,socketpair,sigisemptyset,signal,sigstack,sigaltstack
258,timer_gettime,__nptl_create_event,init_module,timer_settime,timer_create
259,_IO_str_underflow,_IO_str_pbackfail,_IO_wdefault_pbackfail,_IO_sputbackc,_IO_sputbackwc
260,__res_context_mkquery,__resolv_context_get,__res_context_search,__res_context_send,__res_context_query
261,__strerror_r,err,strerror,clnt_perror,perror
262,log2l,logl,log10l,clogl,clog10l
263,lroundl,nearbyintl,llroundl,lrintl,llrintl
264,_nss_dns_gethostbyname2_r,_nss_dns_gethostbyaddr2_r,getnetname,netname2host,host2netname
265,__libc_dynarray_emplace_enlarge,__libc_dynarray_resize,__libc_fatal,__libc_dynarray_finalize,__libc_dynarray_at_failure
266,sigpending,__sigtimedwait,__sigsuspend,__sigpause,__xpg_sigpause
267,fstatvfs64,fstatvfs,getfsspec,getfsent,getfsfile
268,__isoc23_fscanf,__isoc99_fscanf,__isoc23_scanf,__isoc99_sscanf,__isoc99_scanf
269,ungetc,_IO_sputbackc,_IO_getc,_IO_sungetwc,_IO_sungetc
270,__vasprintf_chk,__libc_alloc_buffer_copy_string,__strndup,strdup,vasprintf
271,_IO_file_open,__open64_2,__open_nocancel,openat64,__open64_nocancel
272,__readlinkat_chk,linkat,_IO_un_link,unlinkat,link
273,localtime,gmtime_r,__gmtime_r,mktime,timegm
274,__vdprintf_chk,__obstack_printf_chk,obstack_vprintf,obstack_printf,__obstack_vprintf_chk
275,putwchar_unlocked,_IO_putc,putwc,putwchar,putw
276,xdr_key_netstarg,xdr_keybuf,xdr_cryptkeyres,xdr_cryptkeyarg,xdr_cryptkeyarg2
277,__asprintf_chk,__printf_chk,vdprintf,__vfprintf_chk,__vdprintf_chk
278,re_search,re_set_registers,re_comp,re_compile_pattern,re_set_syntax
279,pthread_rwlockattr_destroy,timer_create,timer_settime,timer_gettime,timer_delete
280,vprintf,vdprintf,vfprintf,__vasprintf_chk,vasprintf
281,xdr_free,freeaddrinfo,wordfree,regfree,free
282,vfwprintf,fprintf,fwprintf,wprintf,swprintf
283,timer_create,__clock_gettime,clock_gettime,timer_settime,timer_gettime
284,__strtok_r,strerrorname_np,__xpg_strerror_r,strerror,__strerror_r
285,__res_iclose,_nss_dns_getnetbyaddr_r,inet_nsap_ntoa,inet_nsap_addr,__res_get_nsaddr
286,inet6_option_init,inet6_opt_find,inet6_opt_init,inet6_opt_set_val,inet6_opt_get_val
287,scandir,seekdir,putchar,lldiv,telldir
288,_IO_vfscanf,__isoc23_vwscanf,signalfd,signal,__sysv_signal
289,_IO_setbuffer,_IO_putc,_IO_setvbuf,_IO_wsetb,_IO_setb
290,_IO_default_doallocate,_IO_wfile_xsputn,_IO_wdefault_xsgetn,_IO_default_xsputn,_IO_default_xsgetn
291,__strtok_r,_IO_sungetwc,_IO_padn,_IO_sungetc,_IO_sgetn
292,_IO_sungetc,clnt_sperrno,clnt_perrno,__errno_location,__h_errno_location
293,mkstemp,mkostemp64,mkostemps64,mkstemps64,mkstemp64
294,sigdelset,sigemptyset,sigrelse,sigisemptyset,sigismember
295,mrand48,srand48,nrand48,drand48,erand48
296,fgetpwent,fgetws,fgetspent,fgetsgent,fgetgrent
297,inet_ntop,inet_ntoa,xdr_accepted_reply,accept,accept4
298,xdr_vector,xdr_enum,xdr_u_hyper,__iscanonicall,canonicalizel
299,_IO_wfile_underflow,_IO_str_underflow,__uflow,_IO_wdefault_uflow,_IO_default_uflow
300,__netlink_assert_response,perror,__assert,__assert_fail,__assert_perror_fail
301,timer_getoverrun,timer_gettime,timer_settime,timer_create,timer_delete
302,xdr_void,xdr_rmtcall_args,xdr_replymsg,xdr_callhdr,xdr_callmsg
303,__strtold_l,__strtok_r,__strtol_l,__strtold_internal,__strtoul_internal
304,execv,execlp,execveat,execl,execle
305,xdr_char,xdr_free,xdr_bytes,xdr_hyper,xdr_float
306,ether_hostton,strlen,hypotl,htonl,htons
307,inet6_opt_append,inet6_rth_add,__res_get_nsaddr,inet_nsap_ntoa,inet_nsap_addr
308,xdr_array,xdr_void,xdr_char,xdr_reference,xdr_pointer
309,xdr_free,xdr_pointer,xdr_void,xdr_rmtcall_args,xdr_rmtcallres
310,xdr_double,xdr_char,xdr_short,xdr_long,xdr_free
311,readlinkat,__socket,linkat,socketpair,sockatmark
312,ungetwc,_IO_un_link,readlinkat,linkat,unlinkat
313,_IO_file_read,__file_change_detection_for_fp,__file_change_detection_for_stat,__file_change_detection_for_path,__file_is_unchanged
314,re_search_2,re_comp,re_search,re_match_2,re_match
315,fmaxl,fmodl,fmal,fminl,fmull
316,__libc_allocate_rtsig,__libc_free,__libc_alloc_buffer_allocate,__libc_alloca_cutoff,__libc_allocate_once_slow
317,xdr_quad_t,xdr_int,xdr_pointer,xdr_array,xdr_vector
318,_IO_sungetwc,_exit,__libc_fatal,__nptl_create_event,__nptl_death_event
319,strftime,strfroml,__strfmon_l,strfry,strfmon
320,sigrelse,sigset,sigaltstack,sigemptyset,siginterrupt
321,_IO_wdefault_finish,getfsent,_exit,exit,endfsent
322,sync_file_range,_IO_wfile_sync,msync,sync,syncfs
323,_IO_wdefault_xsgetn,_IO_wdefault_doallocate,_IO_wdefault_xsputn,_IO_default_finish,_IO_wdefault_finish
324,__fpending,__getpid,__fxstat,_IO_feof,__nanosleep
325,epoll_pwait2,epoll_wait,epoll_pwait,__ppoll_chk,ppoll
326,swscanf,jnl,ynl,csinhl,csinl
327,execl,j1l,exp10l,exp2l,expm1l
328,__ttyname_r_chk,ctanhl,ptrace,ctanl,truncl
329,ether_ntohost,__ttyname_r_chk,thrd_yield,thrd_sleep,thrd_current
330,ether_ntoa,ether_aton_r,ether_aton,ether_ntohost,ether_hostton
331,__isoc23_fwscanf,__isoc99_vfwscanf,__isoc23_vswscanf,__isoc23_vwscanf,__isoc23_vfwscanf
332,regerror,strerror,__xpg_strerror_r,__strerror_r,gai_strerror
333,__vasprintf_chk,__vdprintf_chk,__vfprintf_chk,__obstack_vprintf_chk,__vprintf_chk
334,__gets_chk,__getcwd_chk,getdomainname,__gethostname_chk,__getdomainname_chk
335,execlp,execveat,execl,execle,re_exec
336,expm1l,execlp,execle,execl,expl
337,__pthread_rwlock_unlock,_IO_doallocbuf,__sched_yield,__sched_cpufree,__sched_cpualloc
338,__libc_dynarray_at_failure,__libc_dynarray_finalize,__libc_dynarray_emplace_enlarge,__libc_dynarray_resize,__libc_dynarray_resize_clear
339,fminl,fchflags,fnmatch,futimesat,futimens
340,scanf,vscanf,__isoc99_sscanf,__isoc23_sscanf,sscanf
341,scalbnl,coshl,clogl,cpowl,creall
342,__wcslcpy_chk,__wcsncat_chk,__wctomb_chk,__wcsrtombs_chk,__wcscat_chk
343,__ttyname_r_chk,__strdup,thrd_yield,thrd_current,thrd_sleep
344,__file_is_unchanged,__libc_alloc_buffer_copy_bytes,__libc_alloc_buffer_copy_string,sync_file_range,copy_file_range
345,__isoc23_vswscanf,__isoc23_vwscanf,__isoc23_vfwscanf,__isoc99_fwscanf,__isoc23_fwscanf
346,malloc,mallopt,__libc_mallinfo,mallinfo,mallinfo2
347,fwrite_unlocked,fputc,fputws_unlocked,fputwc_unlocked,fputc_unlocked
348,xdr_uint16_t,xdr_uint8_t,xdr_uint32_t,xdr_int64_t,xdr_uint64_t
349,__isoc23_wscanf,__isoc23_fscanf,__isoc23_vsscanf,__isoc99_scanf,__isoc23_scanf
350,accept,error,unlinkat,rename,remove
351,asctime,ctime_r,ctime,utime,utimensat
352,fgetws_unlocked,__fread_unlocked_chk,__fgetws_chk,__fgets_unlocked_chk,__fgetws_unlocked_chk
353,xdr_uint64_t,xdr_uint32_t,xdr_uint8_t,xdr_int16_t,xdr_uint16_t
354,__strcasecmp,__strtok_r,__strndup,strdup,__strdup
355,__libc_realloc,__libc_sa_len,__libc_valloc,__libc_fatal,__libc_sigaction
356,inet6_rth_init,inet6_opt_find,inet6_opt_set_val,inet6_option_init,inet6_opt_init
357,_nss_dns_gethostbyname4_r,_nss_dns_gethostbyname3_r,_nss_dns_gethostbyname_r,_nss_dns_gethostbyaddr2_r,_nss_dns_gethostbyaddr_r
358,__libc_realloc,__libc_freeres,__res_context_query,__libc_res_nameinquery,__libc_res_queriesmatch
359,error,getchar,erfl,errx,err
360,_IO_wdefault_finish,_IO_default_xsputn,_IO_wfile_xsputn,_IO_wdefault_xsgetn,_IO_wdefault_xsputn
361,__file_is_unchanged,_IO_file_stat,__file_change_detection_for_path,__file_change_detection_for_fp,__file_change_detection_for_stat
362,malloc_info,__libc_malloc,malloc,__libc_calloc,calloc
363,__strndup,__mktemp,mmap64,mmap,__mmap
364,__close_nocancel,_exit,__wait,__open,__close
365,__pthread_once,pthread_sigmask,pthread_yield,mtrace,ptrace
366,siggetmask,sigdelset,sigandset,sigstack,sigset
367,pthread_yield,__pthread_once,pthread_sigmask,__pthread_getspecific,__pthread_get_minstack
368,mtrace,swscanf,swprintf,llabs,swab
369,__getwd_chk,__ptsname_r_chk,__getcwd_chk,__read_chk,__gets_chk
370,getfsent,getw,__getcwd_chk,__getwd_chk,getwd
371,__vasprintf_chk,__vsnprintf_chk,__vprintf_chk,__vfprintf_chk,__vdprintf_chk
372,ceill,nanl,sethostid,rand_r,rand
373,__obstack_vprintf_chk,__vprintf_chk,__vfprintf_chk,__vdprintf_chk,__vasprintf_chk
374,ungetwc,putwchar_unlocked,getwchar_unlocked,putwchar,getwchar
375,__confstr_chk,__chk_fail,__read_chk,__pread_chk,__pread64_chk
376,strcmp,__wcslcat_chk,cabsl,coshl,cosl
377,fwprintf,wprintf,vswprintf,vwprintf,vfwprintf
378,catanhl,ctanhl,tanl,sinhl,tanhl
379,pthread_getconcurrency,pthread_condattr_setpshared,pthread_condattr_getpshared,pthread_condattr_setclock,pthread_condattr_getclock
380,inet6_option_find,inet6_option_append,inet6_rth_space,inet6_option_init,inet6_option_space
381,__sigpause,sigignore,sigismember,sigemptyset,sigisemptyset
382,epoll_wait,getpid,__wait,__getpid,__waitpid
383,clog10l,log10l,expm1l,exp2l,exp10l
384,printf,_IO_setb,setfsent,setlinebuf,setbuf
385,_IO_default_finish,_IO_fflush,_IO_init,_IO_iter_file,_IO_iter_begin
386,scalbnl,ether_aton,atof,atoi,atol
387,xdr_cryptkeyarg2,xdr_cryptkeyarg,xdr_cryptkeyres,xdecrypt,xencrypt
388,__fxstatat64,freopen64,__fxstat64,__fseeko64,__ftello64
389,fmal,fmaximuml,fmaxl,fminmagl,fmaxmagl
390,atanhl,acosl,coshl,ccoshl,acoshl
391,_nss_dns_gethostbyaddr2_r,_nss_dns_gethostbyname_r,__gethostname_chk,_nss_dns_gethostbyaddr_r,gethostid
392,__realpath_chk,ungetc,__libc_reallocarray,__libc_realloc,realloc
393,inet_nsap_ntoa,inet6_option_init,inet_lnaof,inet_ntoa,inet_ntop
394,__sigtimedwait,signal,warn,clock,alarm
395,malloc,lchmod,atoi,wcwidth,atoll
396,_IO_default_doallocate,_IO_wfile_xsputn,_IO_wdefault_xsputn,_IO_default_xsgetn,_IO_default_xsputn
397,clnt_spcreateerror,clnt_sperror,clnt_perror,clnt_sperrno,clnt_perrno
398,log1pl,logbl,vsyslog,closelog,setlogmask
399,llrintl,cacoshl,lchmod,cexpl,ceill
400,__fgets_chk,chroot,tcflush,fchflags,chflags
401,pthread_mutexattr_gettype,pthread_mutexattr_getpshared,pthread_mutexattr_getprioceiling,pthread_mutexattr_setrobust,pthread_mutexattr_getrobust
402,re_search,re_comp,re_search_2,re_match,re_match_2
403,__isnan,__isnanf,__isinfl,__isinf,__isinff
404,_nss_dns_gethostbyname_r,_nss_files_gethostbyname_r,__getcwd_chk,__getdomainname_chk,__gethostname_chk
405,strfroml,powl,hypotl,htons,htonl
406,gmtime_r,clock_gettime,__clock_gettime,localtime,localtime_r
407,vfwprintf,__vswprintf_chk,__vsprintf_chk,vswprintf,_IO_vsprintf
408,__isoc23_vwscanf,__isoc23_vfwscanf,__isoc23_vscanf,__isoc99_vfscanf,__isoc23_vfscanf
409,__pthread_mutexattr_settype,pthread_mutex_setprioceiling,pthread_mutexattr_setprioceiling,pthread_mutexattr_getprotocol,pthread_mutexattr_setprotocol
410,mkostemps,mkstemps64,mkstemp64,mkstemps,mkstemp
411,parse_printf_format,__printf_fp,printf,printf_size_info,printf_size
412,__isinff,__isinf,__isnanl,__isnanf,__isnan
413,xdr_keystatus,xdr_keybuf,xdr_cryptkeyarg2,xdr_cryptkeyarg,xdr_cryptkeyres
414,xdr_cryptkeyarg,xdr_keystatus,xdr_keybuf,xdr_key_netstarg,xdr_key_netstres
415,__open_catalog,__connect,__close,__open_2,__open
416,__res_iclose,ceill,execle,faccessat,euidaccess
417,__strerror_r,perror,strerror,error,regerror
418,execv,execveat,execlp,execle,execl
419,xdr_char,xdr_enum,xdr_void,xdr_pointer,xdr_reference
420,cbrtl,logl,floorl,roundl,sqrtl
421,__resolv_context_get,__res_context_search,__res_context_query,__res_nopt,__res_state
422,__xpg_sigpause,strerrorname_np,__sigpause,__sigaction,sigabbrev_np
423,__realpath_chk,__file_is_unchanged,__file_change_detection_for_stat,__file_change_detection_for_fp,__file_change_detection_for_path
424,__fpending,__fpurge,fsubl,__freadable,__fwritable
425,freopen,__fwriting,__freading,__fpurge,__fpending
426,_IO_str_underflow,_IO_default_finish,_IO_setbuffer,_IO_flush_all,_IO_flush_all_linebuffered
427,setfsent,setbuf,putpwent,setpayloadl,setpayloadsigl
428,mkdirat,scandir64,telldir,scandir,seekdir
429,_IO_wsetb,_IO_switch_to_main_wget_area,_IO_switch_to_get_mode,_IO_free_wbackup_area,_IO_switch_to_wbackup_area
430,__libc_alloc_buffer_copy_string,__libc_alloc_buffer_create_failure,__libc_alloc_buffer_copy_bytes,__libc_alloc_buffer_allocate,__libc_alloc_buffer_alloc_array
431,__wctype_l,__wcstold_internal,wcstold,__wctrans_l,__wcstold_l
432,inet6_option_append,inet6_option_find,inet6_option_alloc,inet6_opt_init,inet6_option_init
433,__strlcpy_chk,__strcpy_chk,__strncpy_chk,__strncat_chk,__strcat_chk
434,xdr_reference,xdr_pointer,xdr_callmsg,xdr_rmtcallres,xdr_rmtcall_args
435,vsnprintf,__vfprintf_chk,__vdprintf_chk,__snprintf_chk,__vsnprintf_chk
436,__wprintf_chk,__vsprintf_chk,__vswprintf_chk,__vfwprintf_chk,__vwprintf_chk
437,getw,__getpgid,__waitpid,getpid,__getpid
438,_IO_wdefault_finish,endfsent,__close,exit,_exit
439,snprintf,vfprintf,vdprintf,__vsnprintf_chk,vsnprintf
440,lgammal_r,__wctrans_l,__strtold_l,__towctrans,__towctrans_l
441,fgetgrent,fgetws,fgetpwent,fgetsgent,fgetspent
442,__fxstat64,__lxstat64,__xstat64,fstatvfs64,__fstat64
443,catanl,sinl,tanl,logl,gammal
444,fmaxmagl,cargl,cimagl,totalorderl,totalordermagl
445,execle,re_exec,execl,regcomp,regexec
446,xdr_long,__fxstat,__lxstat,__xstat64,__xstat
447,clnt_spcreateerror,clnt_perror,clnt_sperror,clnt_perrno,clnt_sperrno
448,fgetgrent,fgetws,fgetpwent,fgetspent,fgetsgent
449,ether_aton,ether_hostton,ether_ntoa_r,ether_ntoa,ether_ntohost
450,rexec,_IO_ferror,verrx,_IO_feof,fexecve
451,pthread_cancel,__pthread_getspecific,__pthread_once,pthread_getconcurrency,pthread_yield
452,__strtok_r,__isoc23_strtol_l,__strfmon_l,__strtold_l,__strtol_l
453,__fread_chk,__fgetws_unlocked_chk,__fgets_unlocked_chk,__fgetws_chk,__fgets_chk
454,ppoll,tcsendbreak,tcsetattr,tcflush,tcgetpgrp
455,tolower,strsignal,matherr,strchr,hstrerror
456,clock_gettime,timer_delete,timer_create,timer_gettime,timer_settime
457,sigandset,sigdelset,sigfillset,sigaddset,sigorset
458,execle,execl,execveat,execv,execvp
459,fwprintf,printf,fprintf,__asprintf_chk,__asprintf
460,sync_file_range,_IO_wfile_sync,msync,syncfs,sync
461,fdiml,__fcntl,__finitef,__finite,__finitel
462,pthread_mutex_getprioceiling,pthread_mutexattr_getrobust,pthread_mutexattr_getprioceiling,pthread_mutexattr_setpshared,pthread_mutexattr_getpshared
463,ctime_r,mktime,gmtime,__gmtime_r,gmtime_r
464,asctime,clock_gettime,__clock_gettime,__gettimeofday,getdate
465,__isoc99_vfscanf,__isoc99_scanf,__isoc99_vscanf,__isoc23_sscanf,__isoc99_sscanf
466,__isoc23_fscanf,fscanf,__isoc99_vsscanf,__isoc23_vsscanf,__vsscanf
467,ufromfpl,__memcpy_chk,mempcpy,__memset_chk,memfrob
468,__pthread_rwlock_unlock,__pthread_rwlock_wrlock,__pthread_rwlock_rdlock,pthread_rwlock_trywrlock,pthread_rwlock_tryrdlock
469,__resolv_context_get_override,__resolv_context_get,__res_context_send,__res_context_query,__res_context_hostalias
470,__wcstold_l,wcspbrk,wcstok,wcstold,wcsstr
471,__freading,__fpending,fwrite_unlocked,_IO_fwrite,__fwriting
472,pthread_mutexattr_gettype,pthread_mutex_getprioceiling,pthread_mutexattr_getprioceiling,pthread_mutexattr_setprotocol,pthread_mutexattr_getprotocol
473,pthread_barrierattr_setpshared,pthread_condattr_setpshared,pthread_rwlockattr_init,pthread_rwlockattr_getpshared,pthread_rwlockattr_setpshared
474,xdr_authdes_cred,xdr_authunix_parms,xdr_authdes_verf,xdr_opaque,xdr_opaque_auth
475,strfmon,strtold,strcmp,strsignal,strchr
476,inet6_rth_space,inet6_rth_reverse,inet6_rth_add,inet6_rth_init,inet6_rth_getaddr
477,pthread_condattr_setpshared,pthread_condattr_setclock,__pthread_setspecific,pthread_getconcurrency,pthread_setconcurrency
478,pthread_mutexattr_setprotocol,pthread_mutexattr_setpshared,pthread_mutexattr_getprioceiling,pthread_mutex_setprioceiling,pthread_mutexattr_setprioceiling
479,__confstr_chk,__ptsname_r_chk,__read_chk,__getcwd_chk,__realpath_chk
480,xdr_cryptkeyres,xdr_cryptkeyarg,xdr_key_netstres,xdr_keybuf,xdr_keystatus
481,munmap,mremap,mmap64,__mmap,mmap
482,atanl,y1l,y0l,jnl,ynl
483,toascii,_toupper,toupper,_tolower,tolower
484,pthread_attr_setsigmask_np,__pthread_getspecific,__pthread_setspecific,__pthread_once,__pthread_key_create
485,l64a,drand48,lcong48,lrand48_r,lrand48
486,strerrorname_np,__pthread_key_create,timer_create,__nptl_death_event,__nptl_create_event
487,inet6_opt_find,inet6_option_init,inet6_opt_init,inet6_opt_get_val,inet6_opt_set_val
488,xdr_pmap,xdr_free,xdr_char,xdr_netnamestr,xdr_netobj
489,logbl,logl,log2l,log10l,log1pl
490,__fcntl,fromfpl,ufromfpl,erfl,erfcl
491,sigrelse,siggetmask,sigset,sigaltstack,sigstack
492,jrand48,j1l,j0l,ynl,jnl
493,fmaxmagl,fmaximum_numl,fmaximum_magl,fmaxl,fmaximuml
494,xdr_longlong_t,xdr_u_longlong_t,xdr_u_short,xdr_long,xdr_u_long
495,xdr_int32_t,xdr_int16_t,xdr_int8_t,xdr_u_int,xdr_int
496,putwc_unlocked,putwchar_unlocked,getwchar_unlocked,putchar_unlocked,getchar_unlocked
497,inet6_rth_segments,inet6_rth_space,inet6_rth_add,inet6_rth_init,inet6_rth_reverse
498,_nss_dns_gethostbyname4_r,_nss_files_gethostbyname2_r,_nss_files_gethostbyname3_r,_nss_files_gethostbyname_r,_nss_files_gethostbyname4_r
499,advance,inet6_opt_next,inet6_option_next,nextdownl,nextupl
500,__res_context_send,__resolv_context_get,__res_context_mkquery,__res_context_search,__res_context_query
501,telldir,hstrerror,strchr,putchar,matherr
502,__memset_chk,__wmempcpy_chk,__wmemmove_chk,__wmemcpy_chk,__wmemset_chk
503,jnl,jrand48,y0l,j1l,j0l
504,ether_ntoa,inet_ntop,inet_nsap_addr,inet_ntoa,inet_nsap_ntoa
505,ptrace,rename,__ptsname_r_chk,sethostname,ptsname
506,fmal,fminimuml,fmaxl,fminl,fmodl
507,fstatvfs,fmodl,__fcntl,fdiml,fdivl
508,xdr_callmsg,xdr_void,xdrstdio_create,xdrrec_create,xdrmem_create
509,__isoc99_swscanf,__isoc23_swscanf,fscanf,wscanf,swscanf
510,__libc_realloc,__libc_alloc_buffer_allocate,__libc_alloca_cutoff,__libc_allocate_once_slow,__libc_allocate_rtsig
511,__cmsg_nxthdr,xprt_register,__xpg_strerror_r,__xpg_sigpause,__xpg_basename
512,__strerror_r,__netlink_assert_response,__assert,__assert_perror_fail,__assert_fail
513,xdr_int16_t,xdr_u_char,xdr_int8_t,xdr_int,xdr_u_int
514,fwprintf,__fprintf_chk,fprintf,printf,__printf_fp
515,__open64_nocancel,__openat_2,openat64,__open64_2,__openat64_2
516,significandl,wcscspn,alphasort,toascii,isascii
517,_IO_setvbuf,sigabbrev_np,_IO_vfscanf,svcraw_create,svcudp_enablecache
518,cacoshl,ctanhl,sinl,tanhl,sinhl
519,_nss_dns_gethostbyname3_r,_nss_files_gethostbyname2_r,_nss_files_gethostbyname4_r,_nss_files_gethostbyname_r,_nss_files_gethostbyname3_r
520,getchar_unlocked,err,getw,putchar,getchar
521,_IO_putc,_IO_fflush,_IO_init,_IO_sputbackc,_IO_sputbackwc
522,__fgets_chk,realloc,fgetws,ungetwc,ungetc
523,clogl,cimagl,fminmagl,__munmap,munmap
524,__libc_alloc_buffer_alloc_array,__libc_alloc_buffer_create_failure,__libc_allocate_once_slow,__libc_alloc_buffer_allocate,__libc_alloca_cutoff
525,printf,wprintf,dprintf,fwprintf,fprintf
526,vwprintf,vfwprintf,wprintf,fprintf,fwprintf
527,xdr_pointer,xdr_des_block,xdr_void,xdr_opaque_auth,xdr_opaque
528,_IO_wdefault_doallocate,__wmemset_chk,_IO_wdoallocbuf,_IO_setb,_IO_wsetb
529,sigignore,sigemptyset,__sigpause,sigset,sigrelse
530,_nss_dns_gethostbyname3_r,_nss_dns_gethostbyname_r,_nss_dns_gethostbyname2_r,_nss_dns_gethostbyaddr_r,_nss_dns_gethostbyaddr2_r
531,stpcpy,fdatasync,sync,syncfs,msync
532,__ppoll_chk,epoll_create,epoll_wait,epoll_pwait,epoll_pwait2
533,__vasprintf_chk,__vsnprintf_chk,__vprintf_chk,__vdprintf_chk,__vfprintf_chk
534,cacoshl,coshl,fchmodat,lcong48,lchmod
535,getchar_unlocked,putwc_unlocked,getwchar,putwchar_unlocked,getwchar_unlocked
536,inet6_rth_getaddr,inet6_rth_space,inet6_rth_reverse,inet6_rth_init,inet6_rth_add
537,mempcpy,truncl,strcmp,ptrace,mtrace
538,__fdelt_chk,__res_context_query,__fxstatat,malloc_stats,__profile_frequency
539,__getcwd_chk,__read_chk,__getwd_chk,chflags,chroot
540,_IO_wsetb,_IO_padn,_IO_sgetn,_IO_sungetc,_IO_sungetwc
541,xdr_uint64_t,xdr_uint16_t,xdr_int8_t,xdr_uint32_t,xdr_uint8_t
542,coshl,creall,clogl,cprojl,cpowl
543,toascii,_tolower,tolower,_toupper,toupper
544,_IO_default_finish,_IO_doallocbuf,_IO_wdefault_doallocate,_IO_file_doallocate,_IO_default_doallocate
545,ffmal,lrintl,tgammal,lgammal_r,lgammal
546,getwd,getdirentries,rename,get_current_dir_name,dirname
547,j0l,ynl,j1l,y0l,y1l
548,_IO_wdefault_uflow,__wuflow,__uflow,__wunderflow,__woverflow
549,__libc_sigaction,__libc_sa_len,__libc_fatal,__libc_freeres,__libc_free
550,__isoc99_swscanf,__isoc99_wscanf,__isoc99_vsscanf,__isoc23_fscanf,__isoc99_fscanf
551,key_secretkey_is_set,key_encryptsession_pk,key_encryptsession,key_decryptsession_pk,key_decryptsession
552,gmtime,mktime,ftime,futimens,futimesat
553,pkey_set,getsockopt,key_setsecret,pkey_get,getsecretkey
554,__stpcpy_chk,__strncpy_chk,__strcpy_chk,__chk_fail,__stack_chk_fail
555,__isoc23_scanf,__isoc23_vscanf,__isoc23_sscanf,__isoc23_strtol_l,__isoc23_strtol
556,__lxstat,__strtol_l,tgammal,lgammal,lgammal_r
557,authunix_create,xdr_opaque_auth,xdr_authdes_cred,xdr_authdes_verf,xdr_authunix_parms
558,ffmal,fmaxl,fdivl,__fcntl,fdiml
559,__wprintf_chk,__vsprintf_chk,__vswprintf_chk,__vwprintf_chk,__vfwprintf_chk
560,endfsent,malloc_usable_size,mrand48_r,erand48,jrand48
561,fmaxl,__fpending,ilogbl,htons,htonl
562,_IO_file_open,__vfprintf_chk,__vprintf_chk,__open_nocancel,__vdprintf_chk
563,killpg,__sigpause,siginterrupt,__socket,socketpair
564,re_match,__strtold_internal,__fxstatat,nanl,_IO_vfscanf
565,fgetws_unlocked,open_wmemstream,_IO_wdefault_doallocate,_IO_sungetwc,_IO_setvbuf
566,casinhl,csinhl,conjl,cprojl,ctanl
567,_IO_file_stat,__wuflow,__fpurge,__uflow,_IO_sputbackc
568,__strdup,__asprintf,snprintf,__sprintf_chk,__snprintf_chk
569,__send,utimensat,pwritev64v2,fgetws_unlocked,_IO_init
570,getdirentries,pthread_mutex_consistent,__netlink_assert_response,inet6_option_init,inet6_option_append
571,ldiv,getwd,drand48_r,lrand48_r,mrand48_r
572,_exit,pthread_barrierattr_init,pthread_mutexattr_setrobust,__sigsuspend,__pthread_mutexattr_init
573,canonicalizel,wcstold,epoll_wait,ldexpl,__wcstold_internal
574,tcsendbreak,__vwprintf_chk,sigismember,fdatasync,isascii
575,__isoc23_wscanf,__isoc23_swscanf,__swprintf_chk,__wprintf_chk,__fwprintf_chk
576,_IO_link_in,_IO_setvbuf,__fbufsize,_IO_wdo_write,_IO_wdefault_finish
577,fmaximuml,setpayloadl,ufromfpxl,ldexpl,setpayloadsigl
578,_IO_str_overflow,get_current_dir_name,__xpg_basename,memfrob,dirname
579,__obstack_vprintf_chk,re_exec,advance,step,__file_change_detection_for_path
580,fputws_unlocked,fminimum_mag_numl,putwc_unlocked,fputc_unlocked,fputwc_unlocked
581,fgetws_unlocked,_IO_putc,fseek,_IO_sungetc,fgetws
582,sync,__sched_yield,getchar,sigemptyset,sigfillset
583,malloc,__bzero,munmap,__libc_dynarray_at_failure,__libc_alloc_buffer_create_failure
584,_IO_padn,_IO_wdefault_pbackfail,_IO_default_xsgetn,_IO_file_read,_IO_wdefault_xsgetn
585,signalfd,canonicalizel,isblank,__waitpid,__wait
586,__assert,__vasprintf_chk,__vsprintf_chk,__vsscanf,__isoc23_vsscanf
587,pthread_rwlockattr_getpshared,pthread_mutexattr_getprotocol,pthread_mutexattr_gettype,pthread_barrierattr_getpshared,pthread_mutexattr_getpshared
588,fmaximum_numl,setpayloadsigl,ldexpl,ufromfpxl,ufromfpl
589,aligned_alloc,thrd_yield,__issignalingf,pthread_mutexattr_getprotocol,__sbrk
590,_toupper,__pthread_mutexattr_destroy,__pthread_mutexattr_settype,pthread_mutex_consistent,rand_r
591,pthread_mutex_consistent,__pthread_mutexattr_settype,tcsendbreak,__pthread_mutexattr_destroy,inet6_opt_finish
592,sigpending,pthread_mutex_setprioceiling,pthread_mutex_getprioceiling,pthread_mutexattr_setprioceiling,pthread_mutexattr_getprioceiling
593,rewind,_IO_link_in,_IO_wdefault_uflow,ungetwc,fputwc
594,__vasprintf_chk,__vfprintf_chk,__open_nocancel,__vdprintf_chk,__vprintf_chk
595,clog10l,cprojl,csinl,ccosl,ccoshl
596,_IO_wdoallocbuf,fgetws_unlocked,_IO_doallocbuf,__fwriting,__flbf
597,inet6_opt_find,inet6_opt_next,__ptsname_r_chk,pthread_condattr_getpshared,pthread_condattr_getclock
598,getfsspec,_IO_sputbackwc,_IO_wdefault_uflow,inet_lnaof,inet_netof
599,pthread_condattr_getpshared,pthread_mutexattr_setpshared,pthread_rwlockattr_setpshared,pthread_condattr_setpshared,pthread_barrierattr_setpshared
600,alarm,pkey_get,msync,mlock,__connect
601,mlock,msync,pwritev64v2,__recv,__send
602,epoll_pwait,__wcstold_internal,drand48_r,__wait,canonicalizel
603,_IO_doallocbuf,fgetws_unlocked,_IO_setvbuf,__fwritable,open_wmemstream
604,signalfd,msync,_IO_wsetb,_IO_setb,_IO_wfile_overflow
605,vprintf,__vfscanf,vfprintf,__isoc23_vscanf,__isoc23_vfscanf
606,ldexpl,pthread_rwlockattr_destroy,inet6_rth_space,epoll_wait,tcflush
607,sigignore,__sigsuspend,sockatmark,fsync,syncfs
608,__pthread_mutex_lock,__pthread_mutex_destroy,__pthread_mutexattr_settype,rand_r,pthread_mutex_consistent
609,__asprintf,sprintf,snprintf,__snprintf_chk,__sprintf_chk
610,inet6_opt_finish,pthread_mutex_consistent,__pthread_mutex_trylock,__pthread_mutex_lock,__pthread_mutex_destroy
611,_IO_doallocbuf,__uflow,__underflow,__wunderflow,__wuflow
612,strcmp,futimesat,fmtmsg,remove,atoi
613,alarm,__libc_allocate_rtsig,__isinf,inet6_option_space,__finite
614,mtrace,lrand48,drand48,thrd_yield,mrand48
615,__bzero,msync,mlock,__send,__recv
616,__isoc23_strtol,cpowl,__strtold_l,__wcstold_l,__isoc23_strtol_l
617,_IO_doallocbuf,__uflow,__wuflow,__wunderflow,__underflow
618,_toupper,pthread_barrierattr_destroy,__libc_allocate_rtsig,__pthread_mutexattr_destroy,pthread_rwlockattr_destroy
619,__strdup,rpmatch,_IO_puts,fmtmsg,__strverscmp
620,pthread_condattr_getpshared,pthread_mutexattr_setpshared,pthread_barrierattr_setpshared,pthread_condattr_setpshared,pthread_rwlockattr_setpshared
621,pthread_barrierattr_getpshared,pthread_rwlockattr_setpshared,pthread_condattr_setpshared,pthread_barrierattr_setpshared,pthread_mutexattr_setpshared
622,__libc_calloc,__libc_memalign,__libc_malloc,__libc_pvalloc,__libc_realloc
623,catanl,fmaximuml,ilogbl,fmaxl,fmaximum_magl
624,__printf_fp,fputwc_unlocked,putwchar_unlocked,putwc,putwc_unlocked
625,_IO_switch_to_wbackup_area,_IO_default_doallocate,_IO_switch_to_main_wget_area,_IO_free_backup_area,_IO_free_wbackup_area
626,fromfpxl,ufromfpl,setpayloadsigl,ldexpl,ufromfpxl
627,get_current_dir_name,dirname,_IO_default_doallocate,re_comp,swab
628,__sched_cpualloc,__libc_memalign,__libc_realloc,__libc_malloc,__libc_pvalloc
629,cimagl,fminimum_magl,fdiml,nextdownl,creall
630,re_exec,__obstack_vprintf_chk,__file_change_detection_for_path,advance,step
631,__fxstatat,nanl,__strtoul_internal,_IO_vfscanf,__strtold_internal
632,__clock_gettime,sigemptyset,getchar_unlocked,getwchar,getchar
633,__vsnprintf_chk,rexec,__lxstat,__vsprintf_chk,strftime
634,div,_IO_str_init_static,toascii,inet6_option_alloc,wordexp
635,step,fmtmsg,atoi,strcmp,remove
636,creall,gammal,fminl,fminimum_magl,cimagl
637,tcsetattr,__fxstat,signalfd,inet6_option_alloc,__pthread_rwlock_rdlock
638,_IO_vsprintf,sprintf,re_comp,__strndup,strchr
639,_IO_wfile_sync,__open_catalog,_IO_fread,_IO_puts,_IO_fputs
640,vprintf,vscanf,__vfprintf_chk,vfprintf,__vfscanf
641,__file_change_detection_for_fp,putwchar_unlocked,putwchar,putwc_unlocked,putwc
642,sethostname,readlinkat,fchownat,setdomainname,__statfs
643,nanl,execvp,__profile_frequency,setfsent,__h_errno_location
644,_IO_default_xsputn,__strdup,__open_catalog,_IO_padn,__libc_alloc_buffer_copy_bytes
645,abs,pthread_mutexattr_setprioceiling,pthread_mutex_setprioceiling,__fcntl,__close
646,__open64_2,__libc_alloc_buffer_copy_string,nanl,fmaxmagl,ether_aton
647,_IO_wdefault_xsputn,__libc_scratch_buffer_set_array_size,_IO_default_xsgetn,_IO_padn,_IO_wfile_xsputn
648,__fpending,strlen,pthread_barrier_wait,__libc_free,pthread_barrier_destroy
649,__send,__recv,__bzero,__connect,mlock
650,__wcpcpy_chk,__libc_realloc,__strtol_l,sigstack,printf
651,__finitel,__isinf,__isnanl,__isnanf,__isinff
652,sigabbrev_np,_IO_str_init_readonly,__assert,freopen,__open64_2
653,pthread_mutex_consistent,getdirentries,__pthread_mutexattr_settype,re_set_syntax,inet6_option_init
654,_IO_doallocbuf,_IO_peekc_locked,_IO_ferror,ungetwc,rewind
655,regfree,_IO_sputbackwc,time,dirname,re_compile_fastmap
656,sigismember,tcgetpgrp,__wait,strerrorname_np,__waitpid
657,fchownat,readlinkat,__assert,fattach,fnmatch
658,_IO_iter_begin,__vfork,gethostid,_Fork,__getpgid
659,siginterrupt,__libc_mallopt,pthread_mutexattr_getprotocol,socketpair,__socket
660,pkey_get,alarm,__sigsuspend,ualarm,sethostid
661,fseek,_IO_ferror,rewind,_IO_str_pbackfail,_IO_fflush
662,setfsent,clock,pthread_getconcurrency,siggetmask,rand
663,cacoshl,strftime,strptime,wcsftime,strfroml
664,__libc_scratch_buffer_set_array_size,__nanosleep,_IO_file_doallocate,memfrob,getdirentries
665,daemon,pthread_barrierattr_init,ppoll,__pthread_setspecific,__pthread_key_create
666,mtx_timedlock,epoll_pwait,inet6_opt_append,statx,sync_file_range
667,tcgetpgrp,abs,__netlink_assert_response,__close,__fcntl
668,closelog,pthread_mutexattr_getprioceiling,pthread_mutexattr_gettype,__pthread_mutex_init,pthread_mutexattr_getrobust
669,__file_is_unchanged,__libc_dynarray_resize,re_set_syntax,pthread_rwlock_trywrlock,pthread_rwlock_tryrdlock
670,putwc,inet_netof,_IO_wdefault_uflow,putwchar_unlocked,_IO_sputbackwc
671,__fpurge,pthread_mutexattr_getrobust,pthread_mutexattr_getpshared,__pthread_mutex_init,pthread_mutexattr_gettype
672,l64a,_IO_wfile_overflow,srand48,__flbf,fchflags
673,fsync,isblank,sigemptyset,sighold,pthread_mutexattr_setprotocol
674,inet_lnaof,__freading,_IO_str_underflow,regfree,__file_change_detection_for_stat
675,snprintf,sscanf,fscanf,__swprintf_chk,ptrace
676,sprintf,re_comp,__assert_perror_fail,__strndup,__inet6_scopeid_pton
677,__sigsuspend,pkey_get,sethostid,ualarm,alarm
678,ccoshl,cprojl,csqrtl,casinl,csinl
679,sigignore,raise,__sched_yield,sync,__getpid
680,fmtmsg,__asprintf_chk,chroot,fchmodat,futimesat
681,__getpid,sync,__sched_yield,execvp,futimens
682,fputws,_IO_str_overflow,__libc_dynarray_resize_clear,__vswprintf_chk,wcstombs
683,drand48_r,_IO_default_finish,lrand48_r,inet6_option_find,inet6_option_next
684,__libc_dynarray_finalize,realloc,_IO_padn,__libc_scratch_buffer_set_array_size,getdomainname
685,sigignore,raise,__sched_yield,__getpid,sync
686,_IO_wdefault_pbackfail,calloc,_IO_wfile_sync,_IO_padn,_IO_wdefault_xsputn
687,_IO_sungetwc,open_wmemstream,fgetws_unlocked,_IO_setvbuf,_IO_wdefault_doallocate
688,mrand48_r,asctime,__sigaction,drand48_r,lrand48_r
689,__libc_scratch_buffer_set_array_size,_IO_wfile_xsputn,_IO_padn,pthread_attr_setguardsize,mmap
690,_tolower,error,sigdelset,verrx,verr
691,fgetws,_IO_sungetc,__pthread_mutexattr_destroy,__libc_allocate_rtsig,inet6_rth_space
692,__vwprintf_chk,__isoc23_vswscanf,__vfwprintf_chk,__isoc23_vfwscanf,__isoc23_vwscanf
693,asctime,pthread_condattr_getclock,strtok,__sigaction,__ptsname_r_chk
694,inet6_option_alloc,asctime,epoll_pwait,__fxstatat,__fxstat
695,clock,drand48,siggetmask,rand,pthread_getconcurrency
696,socketpair,pkey_get,signal,__pthread_getspecific,pkey_set
697,fsync,sigfillset,pthread_mutexattr_setprotocol,sigpending,sigemptyset
698,__socket,siginterrupt,execvp,__strtol_l,__libc_mallopt
699,setpayloadl,_IO_str_init_static,ufromfpxl,fromfpl,fromfpxl
700,__close,pthread_mutex_getprioceiling,pthread_mutexattr_getprioceiling,pthread_mutex_setprioceiling,pthread_mutexattr_setprioceiling
701,__dprintf_chk,__fprintf_chk,__strndup,snprintf,sprintf
702,__libc_dynarray_emplace_enlarge,getdomainname,calloc,_IO_wdefault_xsputn,__libc_alloc_buffer_allocate
703,inet6_rth_reverse,inet6_rth_add,inet6_rth_getaddr,inet6_rth_init,inet6_rth_segments
704,__libc_reallocarray,pthread_condattr_setclock,__libc_dynarray_finalize,pthread_attr_setguardsize,__libc_alloc_buffer_alloc_array
705,__fwprintf_chk,abs,tcgetpgrp,__fcntl,__netlink_assert_response
706,__wuflow,_IO_switch_to_wget_mode,_IO_switch_to_wbackup_area,_IO_str_underflow,__fpurge
707,fscanf,dprintf,__printf_chk,__dprintf_chk,__fprintf_chk
708,__fwriting,_IO_default_finish,_IO_link_in,_IO_doallocbuf,_IO_wdoallocbuf
709,__xstat,fmaximuml,__lxstat,re_match,re_search
710,siginterrupt,sscanf,fmaximum_numl,__vsscanf,seed48
711,__vfprintf_chk,_IO_file_open,__vprintf_chk,__vdprintf_chk,__open_nocancel
712,chroot,__statfs,readlinkat,sethostname,setdomainname
713,isblank,__wait,strerrorname_np,_IO_str_init_static,strerror
714,sigismember,__isoc23_vwscanf,__isoc23_vfwscanf,__vwprintf_chk,__vfwprintf_chk
715,__libc_pvalloc,__libc_malloc,__libc_realloc,__libc_calloc,__libc_memalign
716,__libc_alloc_buffer_allocate,atol,fminmagl,__libc_reallocarray,qsort
717,sigignore,raise,sync,__getpid,__sched_yield
718,__fpurge,_IO_file_read,_IO_str_underflow,__fwriting,__freading
719,__freading,msync,_IO_wfile_overflow,_IO_setb,_IO_wsetb
720,_IO_wdefault_xsputn,getdomainname,__file_is_unchanged,__libc_dynarray_emplace_enlarge,__libc_dynarray_resize
721,fromfpxl,setpayloadl,wctomb,sighold,sigrelse
722,fmaximum_mag_numl,get_current_dir_name,_IO_switch_to_main_wget_area,__file_is_unchanged,thrd_current
723,__strtok_r,telldir,sigandset,__cmsg_nxthdr,inet_ntoa
724,__woverflow,ldiv,_IO_wdefault_xsgetn,pthread_barrier_wait,__pthread_rwlock_unlock
725,ccoshl,csinhl,casinhl,clogl,clog10l
726,pthread_rwlockattr_setpshared,pthread_condattr_setpshared,pthread_barrierattr_setpshared,pthread_condattr_getclock,pthread_condattr_getpshared
727,__issignalingf,vwarn,__sched_cpufree,__finitel,__issignalingl
728,_IO_getc,_IO_ferror,fputwc,rewind,ungetwc
729,_IO_un_link,_IO_str_underflow,_IO_setvbuf,__freadable,_IO_sungetwc
730,freopen,__open64_2,_IO_str_init_readonly,__assert,symlinkat
731,fmaximuml,gammal,fmaximum_magl,fmaxl,ilogbl
732,mtx_timedlock,lrand48_r,ether_ntoa,open_by_handle_at,__sigaction
733,ctanhl,__isnan,lrand48,htonl,htons
734,isascii,sigisemptyset,inet6_option_alloc,epoll_pwait,sigismember
735,_tolower,error,sigdelset,verr,verrx
736,vscanf,vprintf,__vfprintf_chk,__vfscanf,vfprintf
737,alarm,__isnanl,__finite,__isinff,__isinf
738,epoll_pwait,__wait,sigisemptyset,sigismember,signalfd
739,ufromfpxl,fmaximum_numl,tee,fromfpxl,fromfpl
740,llogbl,getchar_unlocked,csinhl,wctomb,getwchar_unlocked
741,_IO_file_stat,__sigaction,_IO_default_xsgetn,fputwc_unlocked,fputc_unlocked
742,__asprintf,_IO_vsprintf,__vasprintf_chk,__vsprintf_chk,strsignal
743,__wcstold_internal,fmaximuml,setpayloadsigl,ufromfpxl,ldexpl
744,ether_line,readlinkat,_IO_str_init_readonly,symlinkat,linkat
745,epoll_pwait,drand48_r,ether_ntoa,__sigaction,open_by_handle_at
746,sigpending,pthread_mutex_setprioceiling,pthread_mutexattr_setprioceiling,pthread_mutexattr_getprioceiling,pthread_mutex_getprioceiling
747,_IO_puts,_IO_fread,_IO_fwrite,_IO_file_doallocate,_IO_fgets
748,sigdelset,fseek,__nanosleep,ungetc,timespec_get
749,inet6_option_init,_IO_setb,tcsetattr,inet6_opt_init,ptsname
750,execlp,__vswprintf_chk,__obstack_vprintf_chk,__vsprintf_chk,__vsnprintf_chk
751,setpayloadsigl,__printf_fp,atof,wcstold,getfsent
752,wcstold,__libc_allocate_once_slow,atoll,atof,atol
753,__wuflow,_IO_file_read,__wunderflow,_IO_fflush,_IO_str_pbackfail
754,fmaxl,fmaximum_magl,ctanhl,__pthread_rwlock_rdlock,__pthread_rwlock_wrlock
755,__file_change_detection_for_stat,lrand48_r,_IO_file_read,__woverflow,wordfree
756,_IO_default_xsputn,__shm_get_name,__strdup,_IO_puts,__open_catalog
757,fmaxl,cprojl,conjl,ctanhl,cacoshl
758,__shm_get_name,re_set_registers,fmtmsg,rpmatch,a64l
759,sync,__sched_yield,__getpgid,_Fork,gethostid
760,cimagl,fminl,fminimum_magl,fmaxmagl,fmaximum_mag_numl
761,__isoc23_wscanf,__fwprintf_chk,__swprintf_chk,__isoc23_swscanf,__wprintf_chk
762,__isoc23_fscanf,__isoc23_scanf,vprintf,__isoc23_vfscanf,__isoc23_vscanf
763,_IO_wdefault_doallocate,_IO_un_link,__fwritable,__freadable,fgetws_unlocked
764,_IO_fwrite,calloc,_IO_wdefault_pbackfail,_IO_wdefault_xsputn,_IO_wfile_sync
765,calloc,_IO_padn,__libc_dynarray_finalize,getdomainname,__libc_scratch_buffer_set_array_size
766,__file_change_detection_for_path,__dprintf_chk,__fprintf_chk,malloc_usable_size,endfsent
767,_IO_wdefault_doallocate,fgetws_unlocked,pkey_get,__pthread_mutexattr_init,pthread_mutexattr_setrobust
768,__vfwprintf_chk,__isoc23_vwscanf,__vswprintf_chk,__isoc23_swscanf,__isoc23_vswscanf
769,__libc_alloc_buffer_create_failure,bcopy,munmap,__bzero,__libc_dynarray_at_failure
770,fseek,ungetc,_IO_putc,_IO_default_uflow,fputc
771,__libc_pwrite,_IO_fread,__bzero,__libc_dynarray_at_failure,bcopy
772,__libc_scratch_buffer_set_array_size,getdomainname,munmap,calloc,realloc
773,ether_aton,inet6_rth_segments,inet6_rth_reverse,inet6_rth_getaddr,inet6_rth_add
774,lldiv,__woverflow,mrand48_r,nrand48,ldiv
775,__getpgid,explicit_bzero,__libc_memalign,__libc_calloc,__libc_valloc
776,readlinkat,setdomainname,faccessat,futimesat,chroot
777,__fbufsize,_IO_switch_to_main_wget_area,__fpurge,_IO_switch_to_wbackup_area,_IO_switch_to_wget_mode
778,creall,fminimum_mag_numl,fmaxmagl,fdiml,fminmagl
779,fdiml,fminl,fmaximum_mag_numl,fminimum_magl,fmaxmagl
780,sscanf,__isoc23_scanf,__isoc23_fscanf,scanf,fprintf
781,__getpid,__sigsuspend,pkey_get,sigignore,raise
782,conjl,csinl,cprojl,ccoshl,ccosl
783,sigset,__cxa_atexit,siginterrupt,__libc_mallopt,__strtol_l
784,daemon,inet6_opt_get_val,inet6_opt_set_val,sigandset,__pthread_once
785,readlinkat,chroot,fchmodat,fchownat,faccessat
786,__isoc23_vwscanf,sigrelse,isblank,pthread_mutexattr_setprotocol,sighold
787,free,__xpg_basename,getwd,putwchar,__getmntent_r
788,tcflush,__sched_cpualloc,casinhl,__libc_allocate_once_slow,llabs
789,epoll_pwait,isascii,__vfwprintf_chk,__vwprintf_chk,mallopt
790,epoll_create,_IO_file_open,strerrorname_np,isascii,fdatasync
791,lrand48_r,epoll_create,inet6_opt_append,inet6_opt_next,inet6_opt_find
792,__open_catalog,rpmatch,__shm_get_name,fmtmsg,getdate
793,_IO_vsprintf,__vasprintf_chk,__vsnprintf_chk,__lxstat,__vsprintf_chk
794,cacoshl,conjl,csqrtl,ctanl,cprojl
795,__isnan,ctanhl,catanl,conjl,cexpl
796,__vsprintf_chk,ether_aton,__isoc23_vsscanf,__lxstat,__libc_alloc_buffer_copy_string
797,_IO_fputs,_IO_file_doallocate,_IO_setbuffer,_IO_fwrite,_IO_fread
798,_IO_wdefault_xsputn,__libc_alloc_buffer_copy_bytes,__libc_dynarray_resize,thrd_current,__file_is_unchanged
799,fputws,getwd,__xpg_basename,_IO_str_init_static,strtok
800,__shm_get_name,__assert,freopen,_IO_str_init_readonly,ether_line
801,mkdirat,ether_line,__assert,freopen,_IO_str_init_readonly
802,mallopt,__isoc23_strtol,__vwprintf_chk,killpg,__sysv_signal
803,re_exec,__obstack_vprintf_chk,__file_change_detection_for_path,step,advance
804,cacoshl,gammal,cexpl,ctanhl,conjl
805,_IO_file_open,_tolower,fseek,fgetws,_IO_sungetc
806,_IO_wdo_write,__uflow,_IO_doallocbuf,_IO_wdefault_finish,__fbufsize
807,wcstombs,_IO_str_overflow,mremap,__libc_dynarray_resize_clear,malloc_trim
808,siggetmask,_IO_file_open,_IO_file_stat,ufromfpl,malloc_info
809,_IO_link_in,open_wmemstream,_IO_doallocbuf,_IO_setvbuf,__file_change_detection_for_fp
810,faccessat,fchownat,strcmp,fchmodat,unlinkat
811,creall,cimagl,fmaximum_mag_numl,fmaxmagl,fminimum_magl
812,warn,warnx,execvp,__libc_valloc,perror
813,creall,nextdownl,fmaxmagl,fminmagl,fdiml
814,__libc_alloc_buffer_alloc_array,__pthread_mutex_destroy,pthread_attr_setguardsize,pthread_mutexattr_setpshared,pthread_condattr_setclock
815,_IO_fwrite,_IO_wdefault_pbackfail,__fbufsize,_IO_wdefault_finish,_IO_wdo_write
816,pthread_mutexattr_getprioceiling,pthread_mutexattr_setprioceiling,__sigsuspend,sigemptyset,sigpending
817,__isoc23_vswscanf,__isoc23_wscanf,__swprintf_chk,__wprintf_chk,__isoc23_swscanf
818,mlock,munmap,__libc_dynarray_at_failure,calloc,__bzero
819,htonl,rand,__nanosleep,timespec_getres,thrd_sleep
820,__libc_reallocarray,__vsnprintf_chk,__isoc23_vswscanf,wcstombs,__vswprintf_chk
821,cacoshl,csinl,csinhl,csqrtl,casinl
822,killpg,sendfile,sigset,siginterrupt,signal
823,__recv,__send,pwritev64v2,sendfile,pwritev
824,realloc,munmap,calloc,_IO_wdefault_pbackfail,_IO_default_pbackfail
825,__issignaling,__getmntent_r,re_compile_fastmap,putwchar,time
826,__pthread_mutex_lock,fgetws_unlocked,__pthread_mutex_trylock,pwritev64v2,__pthread_mutex_unlock
827,fminimuml,ldexpl,fmaximum_magl,fmaxl,fmaximuml
828,re_search,ccoshl,wcstold,__isoc23_vfwscanf,vfwprintf
829,_IO_doallocbuf,__wuflow,_IO_str_underflow,__underflow,_IO_link_in
830,__swprintf_chk,__isoc23_wscanf,__wprintf_chk,fscanf,__isoc23_fwscanf
831,sighold,isascii,__wait,putchar_unlocked,isblank
832,fmaxmagl,fmaximum_mag_numl,fmaximuml,fmaxl,fminimuml
833,_IO_un_link,__flbf,_IO_default_uflow,_IO_peekc_locked,_IO_iter_file
834,sigdelset,inet6_rth_space,__pthread_mutexattr_destroy,abort,tzset
835,__libc_dynarray_at_failure,__issignalingl,__finitel,__sched_cpualloc,__sched_cpufree
836,tcflush,mallopt,__wcstold_internal,epoll_pwait,epoll_wait
837,__fxstat,inet6_option_alloc,epoll_wait,sigismember,epoll_pwait
838,fchownat,err,sigstack,__socket,getsockopt
839,__wuflow,_IO_switch_to_main_wget_area,__fpurge,_IO_switch_to_wget_mode,_IO_switch_to_wbackup_area
840,post_signal,_hurd_internal_post_signal,mark_pending,post_pending,pending_signals
841,__wcscpy_chk,get_random_name,creat,creat64,simple_file_copy
842,killpg,__sysv_signal,signal,__libc_sigaction,__sigaction
843,inet6_opt_get_val,munmap,mmap64,mmap,mremap
844,xdr_uint32_t,xdr_uint16_t,xdr_int8_t,xdr_uint8_t,des_setparity
845,subprocess_lock_file,malloc_internal,__flock,spawn_process,process1
846,xdr_uint64_t,nextdownl,nextupl,adjust_real,round_real
847,__recv,__send,accept,__connect,socketpair
848,pending_signals,sigpending,__sigsuspend,sigfillset,sigemptyset
849,xdr_pointer,authunix_create_default,authunix_create,xdr_authunix_parms,xdr_opaque_auth
850,__send,__recv,clnt_sperror,__res_context_search,__res_context_query
851,__ynf,__acosf,__asinl,__asin,__asinf
852,authdes_getucred,xdr_opaque_auth,xdr_authunix_parms,authunix_create_default,authunix_create
853,xdrmem_create,regexec,regcomp,re_match,re_set_registers
854,__fxstatat,__fxstat64,__getpid,__getpgid,tcgetpgrp
855,__dup,__recv,__send,sendfile,sendfile64
856,timer_create,time,timer_gettime,clock_gettime,__clock_gettime
857,inet6_rth_getaddr,inet6_option_find,inet6_option_next,inet6_option_init,inet6_option_append
858,__dup,__recv,__send,sendfile,sendfile64
859,dump_heap,sethostname,__strlcat_chk,__strlcpy_chk,compare_ents
860,measurement_read,numeric_read,name_read,identification_read,paper_read
861,xprt_register,malloc_internal,process1,__flock,subprocess_lock_file
862,__y0l,__powl,__asinf,__asin,__asinl
863,__y1l,__y1,__y0f,__y0l,__y0
864,__xpg_strerror_r,perror,herror,__strerror_r,hstrerror
865,xdrstdio_create,xdr_opaque_auth,__cxa_atexit,re_comp,__assert_fail
866,__isoc23_vfwscanf,fgetgrent,fgetpwent,getw,putw
867,__fxstat64,__statfs,__fstatfs64,__fstatvfs64,__fstatfs
868,inet6_rth_reverse,inet6_rth_init,inet6_rth_space,inet6_rth_getaddr,inet6_rth_add
869,timer_create,time,timer_gettime,clock_gettime,__clock_gettime
870,__log10,__log10l,__log2l,__logl,setlogmask
871,__fxstat,__strverscmp,clnt_sperror,get_random_name,print_version
872,signal_allowed,accept,socketpair,__connect,openport
873,inet6_option_next,inet6_rth_getaddr,inet6_option_append,inet6_opt_find,inet6_option_find
874,inet6_option_next,inet6_option_append,inet6_option_find,inet6_opt_next,inet6_opt_find
875,__fchmod,creat64,creat,lchmod,__chmod
876,__lxstat64,__xstat,__xstat64,__fxstatat64,__lxstat
877,__lxstat64,__xstat,__xstat64,__fxstatat64,__lxstat
878,__fchmod,creat64,creat,lchmod,__chmod
879,addc,strchr,find_char,wcswidth,wcwidth
880,__pthread_rwlock_unlock,__pthread_rwlock_rdlock,pthread_rwlock_trywrlock,__pthread_rwlock_wrlock,pthread_rwlock_tryrdlock
881,heap_trim,sync,__chmod,lchmod,svcudp_enablecache
882,signal_allowed,suspend,sigismember,sigdelset,sigaddset
883,sigaltstack,signal,__sysv_signal,alarm,siginterrupt
884,__opendir,timer_delete,__chdir,rename,unlinkat
885,nextdownl,adjust_real,randomize_buffer,rand,rand_next
886,__y0,__y0l,__y1f,__y0f,__ynf
887,getw,fgetpwent,fgetgrent,fgetsgent,fgetspent
888,wcspbrk,utf8_decode,wcwidth,addc,find_char
889,__logl,__log_compat,__log2l,__log2f_compat,__log2_compat
890,wcswidth,__strdup,wcsdup,wcspbrk,strchr
891,abs,round_real,adjust_real,nextdownl,nextupl
892,execvp,execv,execlp,execle,execl
893,execle,execl,execv,execlp,execvp
894,putspent,fgetgrent,fgetpwent,putgrent,putsgent
895,chflags,getsockopt,seekdir,fchflags,sethostname
896,wcwidth,chflags,find_char,adds,addc
897,signal_sender,raise,sigaltstack,__sysv_signal,signal
898,__lxstat,__fxstat,__fxstatat64,__fxstatat,__fxstat64
899,telldir,__readdir64,__readdir_r,readdir64_r,get_current_dir_name
900,__y0l,__j0,__scalbl,__scalb,__scalbf
901,xdr_union,xdr_pointer,xdrrec_create,xdrmem_create,xdrstdio_create
902,__exp_compat,__y0l,__powf_compat,__pow_compat,__powl
903,mark_pending,sigfillset,sigemptyset,sigpending,__sigsuspend
904,__j0f,__y0f,__fmodl,__fmod_compat,__fmod_compatf
905,inet6_opt_append,inet6_opt_init,inet6_opt_find,inet6_opt_finish,inet6_opt_next
906,__wcsncat_chk,wcsspn,wcspbrk,wcwidth,wcswidth
907,xdrstdio_create,xdr_pointer,xdr_union,xdr_vector,xdr_free
908,__fxstat64,__fstatvfs64,__fstatfs,__fstatfs64,__statfs
909,xdr_vector,xdr_pointer,xdrrec_create,xdrstdio_create,xdrmem_create
910,__jnf,__j1l,__j1,__j0f,__j1f
911,wctomb,__strlcpy_chk,__strlcat_chk,__wcslcpy_chk,__wcslcat_chk
912,printf_size_info,__libc_res_queriesmatch,__libc_res_nameinquery,xdr_double,xdr_float
913,__powl,__acoshf,__atanhf,__atanh,__atanhl
914,xdr_int8_t,xdr_uint64_t,xdr_uint32_t,xdr_int64_t,xdr_int32_t
915,__dup2,__fstatfs,__fstatvfs64,__dup3,is_file_deleted
916,__dup2,__dup3,__dup,__close,__close_range
917,measurement_read,name_read,messages_read,numeric_read,telephone_read
918,__y0,__y1f,__y0l,__y1,__y1l
919,__fcntl,utime,utimensat,futimens,futimesat
920,__libc_alloc_buffer_copy_bytes,xdrstdio_create,xdrmem_create,_IO_default_finish,__cxa_atexit
921,__lxstat64,__xstat,__xstat64,__fxstatat64,__lxstat
922,sethostname,getsockopt,seekdir,fchflags,chflags
923,numeric_read,measurement_read,name_read,identification_read,messages_read
924,__strcpy_chk,__strcat_chk,__wcpcpy_chk,__stpncpy_chk,__stpcpy_chk
925,raise,__remainder,__pow_compat,timer_create,__sched_yield
926,des_setparity,xdr_int8_t,xdr_int64_t,xdr_int32_t,is_prime
927,__fxstat64,__fstatvfs64,__fstatfs,__fstatfs64,__statfs
928,mlock,heap_trim,shrink_heap,grow_heap,alloc_new_heap
929,__y0f,__exp_compat,__fmod_compatf,__fmodl,__fmod_compat
930,__y1,__y0f,__y1l,__y0,__y0l
931,__h_errno_location,accept,__send,__connect,set_socket_buffer
932,signal_allowed,psignal,clnt_sperror,print_screen_max_error,print_screen
933,__pthread_rwlock_unlock,epoll_pwait,herror,realloc,__h_errno_location
934,xdr_pointer,xdr_free,xdr_union,xdr_array,xdr_vector
935,readdir64_r,__readdir64,__readdir_r,telldir,__rewinddir
936,post_all_pending_signals,tcflush,abort_thread,suspend,resume
937,inet6_rth_init,error_print,explicit_bzero,__libc_alloc_buffer_copy_bytes,__libc_alloc_buffer_copy_string
938,fallocate64,__fcntl,__fcntl64,fsync,tcflush
939,__munmap,tcsendbreak,adds,explicit_bzero,__bzero
940,time_read,paper_read,numeric_read,identification_read,measurement_read
941,xdr_pmaplist,xdrrec_create,xdr_pointer,xdr_array,xdr_reference
942,__wcscpy_chk,__stpncpy_chk,__wcsncat_chk,__wcsncpy_chk,__wcpncpy_chk
943,__isoc23_swscanf,__isoc99_swscanf,strsignal,perror,psignal
944,__dup,__fcntl64,__fcntl,fexecve,execveat
945,__jn,__exp_compat,__powl,__powf_compat,__pow_compat
946,lchmod,__dup,get_random_name,__close,iruserfopen
947,__stpcpy_chk,__wcscpy_chk,__wcsncat_chk,__wcscat_chk,__strcat_chk
948,execv,execle,execl,execvp,execlp
949,__libc_alloc_buffer_copy_bytes,__res_context_search,__getmntent_r,_IO_wdo_write,xdrrec_eof
950,wcstok,wctomb,wcspbrk,wcscspn,wcsspn
951,__jn,__j1,__j0f,__j0l,__j0
952,__close,readio,writeio,seekio,closeio
953,sethostname,chflags,fchflags,getsockopt,seekdir
954,__sysv_signal,signal,killpg,raise,sigset
955,__powf_compat,__powl,__sqrtf,__sqrtl,__sqrt
956,_authenticate,authunix_create_default,xdecrypt,xencrypt,key_secretkey_is_set
957,__acosh,__acoshf,__atanhf,__atanhl,__atanh
958,__munmap,__wcpcpy_chk,write_charmaps,open_wmemstream,_IO_wdo_write
959,__fstatvfs64,mkdirat,__fchdir,linkat,symlinkat
960,__pthread_rwlock_unlock,pthread_rwlock_trywrlock,pthread_rwlock_tryrdlock,__pthread_rwlock_wrlock,__pthread_rwlock_rdlock
961,clnt_sperror,timer_getoverrun,error_print,__wait,init_module
962,timer_delete,timer_settime,clock_gettime,__clock_gettime,timer_gettime
963,getw,atof,atoll,atol,atoi
964,sigaddset,__sysv_signal,signal,sigismember,signal_allowed
965,putspent,fgetgrent,fgetpwent,putgrent,putsgent
966,__close_range,__wait,signal_sender,process1,spawn_process
967,__cxa_atexit,regcomp,tcsetattr,svcudp_enablecache,wordfree
968,__jnf,__j0l,__j1f,__j0,__j0f
969,__stpncpy_chk,__strcat_chk,__wcsncpy_chk,__wcpncpy_chk,__wcsncat_chk
970,__recv,__send,__connect,accept,getpeername
971,getw,atof,atoi,atol,atoll
972,mkostemp64,__close,__dup3,__dup2,__dup
973,re_set_registers,get_current_dir_name,wcsdup,__strdup,check_for_allocations
974,init_module,signal_sender,alarm,__waitpid,__wait
975,pthread_rwlock_trywrlock,xdr_float,xdr_double,__libc_res_queriesmatch,__libc_res_nameinquery
976,get_current_dir_name,__chdir,fchroot,mkdirat,chroot
977,__fstatvfs64,__fcntl64,__fcntl,__fchdir,tcsetattr
978,pending_signals,post_signal,signal,__sysv_signal,sigaltstack
979,readlinkat,wctomb,wcsspn,wcscspn,utf8_decode
980,__res_nopt,munmap,mremap,mmap64,mmap
